height,weight,born
180,77,1918
188,83,1921
193,86,1924
196,88,1925
178,79,1927
180,79,1926
196,90,1921
183,77,1924
196,90,1927
196,95,1927
193,95,1925
208,102,1922
190,79,1928
196,97,1925
196,81,1927
185,81,1923
193,83,1920
193,92,1923
208,106,1930
196,99,1925
190,86,1926
190,79,1923
190,81,1927
183,77,1919
196,90,1917
193,88,1924
180,77,1917
190,83,1920
188,86,1925
196,88,1922
188,81,1920
201,88,1924
178,70,1923
183,81,1928
201,90,1924
193,92,1925
185,74,1923
183,79,1922
185,77,1922
185,79,1920
190,81,1924
196,79,1924
183,79,1927
196,88,1919
188,81,1926
198,88,1922
190,85,1922
196,92,1917
188,79,1925
190,79,1922
190,86,1920
185,83,1929
188,81,1925
188,86,1922
196,86,1921
180,77,1922
198,88,1918
198,95,1927
196,90,1925
183,72,1920
180,79,1923
196,89,1921
193,102,1922
201,86,1927
190,83,1927
201,88,1930
190,88,1927
188,83,1923
201,98,1926
196,90,1925
208,108,1925
206,102,1919
185,77,1918
183,81,1919
201,95,1923
188,81,1920
201,88,1927
201,88,1927
180,81,1921
190,92,1924
206,97,1924
190,77,1924
206,102,1923
178,79,1922
188,88,1925
193,83,1925
178,79,1920
193,81,1925
190,83,1924
190,83,1920
180,79,1917
196,107,1920
180,77,1921
180,77,1921
206,103,1925
190,86,1928
183,83,1923
198,97,1925
198,97,1920
190,78,1924
188,77,1923
190,79,1926
201,97,1921
201,96,1920
180,72,1927
188,87,1925
188,83,1922
190,83,1926
190,83,1927
188,86,1920
188,88,1921
208,99,1925
188,79,1921
185,80,1923
203,83,1928
183,81,1923
203,99,1922
193,92,1919
178,77,1925
193,86,1923
190,95,1923
180,81,1922
183,81,1926
198,83,1919
196,95,1927
196,88,1922
183,76,1922
196,95,1924
203,104,1925
208,111,1924
201,104,1928
201,95,1928
201,95,1923
193,86,1921
188,88,1925
183,74,1925
183,86,1928
201,100,1926
185,74,1921
193,83,1924
203,95,1927
190,81,1921
203,88,1924
206,99,1915
183,78,1928
185,81,1925
188,83,1923
190,79,1923
180,72,1922
190,88,1927
208,108,1921
201,99,1925
190,83,1925
190,90,1921
183,78,1924
188,79,1925
188,83,1922
193,78,1926
190,86,1922
206,99,1924
196,88,1925
188,88,1922
193,83,1922
206,99,1927
201,86,1923
201,86,1923
198,99,1922
196,86,1921
180,74,1914
206,90,1924
188,83,1924
206,95,1925
206,83,1923
183,76,1923
178,70,1927
178,74,1923
196,108,1917
178,79,1921
188,83,1924
183,79,1918
196,90,1927
196,92,1925
203,99,1928
201,104,1922
198,90,1922
188,87,1917
178,81,1922
190,86,1923
190,88,1926
178,74,1924
188,86,1922
188,81,1922
185,81,1928
190,83,1924
188,79,1923
185,90,1913
203,100,1925
185,88,1918
190,86,1922
183,81,1920
196,92,1925
193,90,1920
185,83,1921
188,83,1923
196,99,1923
198,97,1922
183,83,1920
193,95,1920
183,77,1922
183,77,1922
190,88,1923
190,88,1928
193,92,1921
193,92,1921
198,95,1920
183,77,1922
198,92,1921
188,72,1927
183,77,1921
175,70,1926
175,70,1926
175,70,1921
188,77,1925
,,
193,86,1928
190,90,1929
188,72,1926
203,99,1924
196,99,1924
185,79,1925
196,95,1927
198,99,1922
196,95,1926
185,79,1928
198,97,1922
188,86,1926
203,104,1922
206,97,1928
193,95,1927
185,77,1928
201,83,1926
196,90,1928
196,90,1928
196,83,1926
198,95,1926
196,83,1924
188,86,1928
188,83,1928
188,79,1925
201,95,1927
193,90,1923
196,88,1928
206,96,1928
196,90,1928
185,79,1926
198,90,1923
201,95,1929
190,90,1929
196,86,1926
198,99,1926
185,79,1926
183,81,1929
203,104,1927
203,90,1929
198,90,1928
203,95,1929
185,77,1929
183,79,1928
196,88,1930
188,81,1928
188,83,1922
175,72,1928
196,97,1928
193,83,1926
190,83,1925
193,92,1928
185,83,1927
188,83,1929
190,92,1928
211,106,1927
178,74,1929
180,81,1926
211,95,1928
185,79,1926
193,83,1926
193,92,1927
185,77,1931
183,77,1930
203,102,1930
201,98,1930
188,79,1930
185,83,1928
180,81,1930
201,90,1929
201,102,1929
190,81,1930
196,83,1927
188,92,1927
178,78,1928
188,86,1925
178,77,1928
196,90,1931
185,83,1928
201,94,1930
203,102,1931
193,86,1931
196,97,1930
190,83,1929
188,83,1928
190,95,1928
188,88,1927
201,90,1929
190,86,1930
183,72,1929
188,83,1928
185,77,1927
193,95,1929
206,97,1930
201,97,1930
183,83,1930
188,83,1928
190,81,1929
193,86,1931
190,83,1930
196,92,1931
203,92,1931
198,102,1930
190,86,1927
211,99,1930
203,95,1931
188,86,1928
180,83,1928
196,81,1930
188,95,1931
201,95,1932
188,84,1930
198,97,1931
206,106,1929
188,81,1928
198,90,1931
211,106,1930
211,106,1929
196,95,1932
196,88,1925
190,79,1935
196,88,1935
193,88,1930
198,81,1929
190,97,1929
185,81,1929
198,95,1930
193,83,1929
180,73,1930
196,86,1928
201,86,1930
190,88,1930
190,77,1932
193,95,1930
190,83,1929
185,84,1931
188,86,1929
190,95,1929
193,86,1932
196,86,1928
196,77,1930
198,111,1932
188,80,1929
206,104,1932
198,99,1931
188,83,1929
188,83,1930
193,97,1931
190,86,1928
190,86,1928
190,83,1930
196,81,1932
203,99,1932
198,95,1933
193,92,1932
206,92,1932
190,86,1931
196,92,1930
190,81,1932
188,77,1931
206,99,1932
201,83,1932
193,77,1930
183,72,1930
185,81,1930
196,99,1933
188,86,1931
201,108,1931
196,90,1933
201,99,1932
196,88,1931
213,99,1930
190,83,1931
193,86,1933
190,85,1933
190,90,1932
198,92,1933
190,86,1933
198,99,1933
190,83,1929
203,86,1932
196,99,1930
183,76,1933
193,86,1931
188,92,1933
188,81,1930
201,97,1933
196,86,1935
190,88,1935
206,89,1933
190,83,1933
201,105,1933
198,95,1934
198,104,1931
190,81,1932
203,99,1933
198,95,1927
203,95,1932
190,83,1932
201,103,1934
188,83,1933
193,88,1932
193,95,1931
201,98,1934
198,97,1934
203,92,1934
208,92,1933
183,73,1935
190,83,1932
185,83,1934
198,102,1934
198,90,1932
198,104,1934
185,81,1934
208,97,1934
203,90,1933
190,83,1934
196,92,1935
201,97,1935
196,86,1930
193,88,1931
198,86,1935
185,83,1933
188,77,1931
193,86,1935
190,99,1932
193,83,1935
193,83,1935
203,95,1931
193,89,1933
203,104,1935
188,80,1935
188,79,1931
188,83,1935
196,95,1935
193,86,1933
201,99,1934
198,98,1932
203,104,1935
193,88,1930
188,83,1933
196,102,1934
198,95,1935
193,90,1933
198,92,1936
201,79,1935
203,92,1936
206,100,1936
196,83,1936
203,108,1937
201,95,1936
198,97,1937
188,79,1936
198,86,1935
190,88,1936
196,97,1932
196,97,1932
180,83,1936
196,92,1936
203,101,1933
206,99,1936
206,97,1936
183,83,1935
188,83,1934
201,92,1936
203,99,1933
206,102,1936
190,90,1937
193,86,1936
183,81,1932
216,124,1936
203,104,1937
196,90,1933
196,99,1937
196,95,1936
201,95,1937
188,88,1935
201,99,1937
190,86,1935
193,90,1937
206,102,1937
206,99,1938
193,86,1937
190,83,1936
185,72,1933
183,79,1936
203,97,1937
198,92,1938
193,81,1938
221,106,1933
208,99,1938
203,97,1938
203,97,1938
190,83,1936
180,81,1938
196,95,1938
193,90,1936
185,77,1938
201,97,1938
190,86,1936
198,97,1936
196,92,1938
198,95,1938
188,79,1938
185,81,1937
193,95,1936
211,102,1939
185,79,1939
185,79,1939
201,95,1937
206,95,1938
198,102,1939
188,90,1936
188,79,1938
175,72,1938
178,77,1937
180,81,1939
180,81,1939
185,83,1938
201,99,1938
206,95,1938
193,83,1938
198,92,1939
188,83,1939
198,97,1938
185,79,1938
208,102,1939
198,95,1939
190,85,1939
203,106,1938
206,97,1938
201,99,1939
196,99,1938
185,81,1936
196,86,1939
188,83,1937
190,95,1937
193,97,1938
203,106,1937
185,79,1939
185,81,1938
206,102,1939
198,103,1939
203,108,1941
193,81,1936
198,99,1940
201,85,1940
203,90,1940
193,79,1922
208,95,1940
198,86,1940
190,77,1939
201,86,1937
203,102,1938
196,92,1940
203,87,1940
203,87,1940
190,86,1940
206,102,1939
188,81,1940
196,99,1940
198,95,1940
188,77,1939
203,99,1940
198,92,1940
198,99,1941
196,95,1939
193,97,1934
183,83,1940
183,83,1940
188,86,1940
198,96,1940
196,90,1936
185,81,1940
193,92,1940
208,95,1937
188,79,1938
196,95,1939
190,81,1940
196,88,1941
213,112,1942
188,79,1940
196,92,1941
193,83,1941
206,104,1941
198,104,1938
188,79,1941
196,97,1939
203,104,1940
193,88,1940
193,83,1938
183,88,1939
190,86,1939
196,90,1940
188,77,1939
193,88,1941
211,102,1941
193,88,1941
203,97,1940
203,95,1941
196,87,1942
203,95,1942
185,79,1938
196,88,1941
213,104,1941
185,85,1942
193,97,1940
201,102,1942
201,102,1942
201,95,1942
206,108,1941
188,81,1942
193,102,1926
185,83,1941
198,95,1942
193,90,1942
201,104,1942
193,86,1942
196,97,1942
206,106,1942
201,99,1943
208,102,1941
201,97,1939
203,102,1942
201,92,1944
201,88,1942
201,113,1942
198,95,1943
198,95,1943
196,88,1944
203,92,1943
201,95,1942
185,77,1943
203,99,1942
196,92,1943
190,83,1943
196,92,1942
196,88,1942
173,77,1942
201,90,1941
208,106,1940
208,106,1940
208,106,1940
196,90,1941
198,95,1943
198,95,1943
188,81,1942
208,102,1944
183,77,1944
203,95,1941
190,81,1943
206,93,1944
208,104,1943
196,83,1943
188,79,1941
193,85,1941
185,77,1945
198,79,1944
213,108,1942
190,88,1915
201,104,1941
196,95,1944
203,95,1929
198,99,1942
196,90,1943
208,92,1944
203,97,1942
201,90,1944
185,74,1944
203,104,1943
203,104,1944
203,97,1943
185,83,1941
196,98,1944
190,92,1944
196,93,1944
201,95,1944
211,99,1945
198,95,1942
188,90,1944
196,92,1943
193,86,1944
190,88,1945
208,108,1943
193,95,1944
206,102,1941
201,99,1943
201,89,1945
196,92,1944
208,104,1943
193,90,1945
185,83,1945
185,83,1945
203,95,1944
190,88,1943
185,83,1943
203,99,1945
201,92,1943
188,86,1945
198,102,1943
183,81,1942
190,79,1945
188,81,1944
196,95,1945
201,95,1944
196,88,1944
196,92,1943
190,83,1944
203,104,1939
198,95,1945
193,92,1945
206,99,1944
213,102,1945
203,86,1943
201,99,1944
190,88,1944
188,79,1946
193,80,1944
196,86,1944
198,88,1944
185,81,1939
201,98,1944
206,106,1946
185,79,1946
206,92,1946
190,92,1945
185,79,1945
213,120,1945
203,99,1941
196,95,1946
208,111,1946
196,95,1946
193,88,1945
201,102,1945
185,77,1945
196,90,1945
185,83,1946
193,83,1947
206,106,1945
201,95,1944
203,102,1946
201,95,1946
203,108,1946
198,95,1947
206,97,1946
190,79,1946
193,90,1946
211,92,1946
213,108,1946
213,111,1946
190,86,1946
203,99,1946
196,92,1945
196,97,1946
211,106,1945
193,90,1945
208,102,1945
201,88,1943
196,88,1947
201,95,1945
201,111,1946
198,99,1945
190,81,1945
190,85,1944
190,81,1945
218,102,1947
188,79,1947
201,99,1946
193,83,1947
196,90,1946
190,83,1947
190,83,1945
198,88,1947
190,83,1946
190,83,1947
190,86,1946
201,93,1947
201,95,1947
203,95,1942
188,81,1946
203,97,1947
201,97,1945
190,79,1946
201,97,1947
196,92,1948
198,97,1946
196,90,1947
208,99,1946
193,88,1947
206,104,1947
203,99,1948
196,86,1939
196,86,1939
208,99,1948
190,81,1947
190,81,1947
190,79,1945
188,78,1947
198,95,1947
185,68,1948
196,92,1947
208,106,1948
193,88,1944
208,99,1941
208,115,1946
188,79,1946
190,79,1948
206,104,1948
206,104,1948
201,97,1947
193,83,1946
216,108,1947
193,86,1948
190,81,1946
206,95,1948
198,102,1947
203,102,1949
198,99,1948
206,86,1949
206,86,1949
206,97,1948
206,104,1948
198,97,1948
211,111,1947
201,90,1947
190,81,1948
201,97,1947
208,106,1948
211,113,1948
196,89,1947
190,83,1948
206,99,1948
196,97,1948
201,95,1948
196,86,1948
175,74,1948
196,92,1948
201,99,1948
193,86,1948
190,90,1948
206,106,1948
208,102,1948
198,102,1944
206,106,1945
203,102,1948
198,99,1947
206,95,1948
206,102,1945
196,81,1948
198,92,1948
203,98,1948
190,83,1948
206,99,1948
180,79,1947
193,77,1948
188,88,1948
188,82,1945
201,90,1946
185,74,1948
190,92,1947
185,77,1948
198,88,1949
213,104,1948
190,82,1948
193,90,1948
198,104,1948
190,81,1950
190,83,1949
188,72,1949
196,95,1950
201,86,1948
196,95,1948
203,95,1947
196,87,1949
190,83,1948
190,81,1949
185,81,1948
206,97,1949
190,83,1949
201,97,1946
211,103,1948
203,108,1949
201,102,1949
203,97,1947
183,79,1948
188,88,1949
208,104,1949
193,90,1949
201,99,1947
206,102,1948
218,108,1950
203,99,1948
206,104,1949
193,88,1948
190,88,1949
201,102,1949
196,79,1948
213,113,1949
190,81,1948
213,99,1949
196,81,1949
203,92,1948
203,102,1949
196,97,1950
188,79,1948
188,83,1949
201,97,1946
188,86,1948
185,83,1949
188,81,1950
185,79,1950
196,95,1947
196,92,1942
201,95,1950
201,97,1950
203,99,1949
190,83,1946
188,81,1950
198,92,1950
196,86,1949
188,79,1949
198,95,1950
208,99,1950
201,97,1950
201,86,1946
183,77,1949
198,90,1949
203,102,1945
196,83,1950
211,94,1950
206,95,1951
193,81,1950
203,90,1950
198,97,1950
203,88,1950
201,102,1950
198,99,1948
183,77,1950
190,88,1949
208,104,1951
208,102,1950
203,88,1950
190,81,1949
185,77,1950
201,97,1949
196,86,1950
193,97,1948
198,97,1950
185,72,1947
198,93,1950
193,88,1950
198,95,1947
203,99,1950
206,90,1951
206,83,1951
196,83,1951
206,95,1951
201,95,1951
201,99,1951
193,88,1947
198,85,1949
190,81,1951
190,81,1951
198,81,1951
190,83,1951
198,99,1950
201,98,1951
183,81,1951
203,102,1950
201,102,1950
190,83,1949
201,90,1950
203,88,1951
193,86,1950
190,81,1951
208,95,1952
190,88,1949
203,99,1951
213,104,1951
196,95,1951
188,81,1951
201,90,1948
188,81,1928
206,88,1951
188,83,1951
190,86,1951
196,90,1950
198,88,1950
196,95,1950
188,79,1950
185,86,1945
203,104,1951
185,79,1951
201,88,1950
213,106,1950
208,104,1943
203,97,1948
196,83,1951
193,83,1950
196,88,1952
193,80,1954
218,102,1952
206,98,1951
211,99,1949
201,89,1951
196,95,1951
183,79,1952
198,92,1954
190,79,1952
198,102,1952
203,108,1951
208,90,1950
206,99,1950
190,86,1952
183,81,1952
201,90,1951
203,95,1952
208,86,1952
193,85,1945
198,89,1950
213,111,1951
193,81,1952
183,74,1951
198,86,1952
183,77,1955
190,79,1953
206,102,1951
201,102,1951
196,98,1944
201,95,1951
196,88,1952
188,86,1920
193,83,1952
206,102,1953
190,83,1951
188,90,1947
203,86,1951
183,83,1951
211,95,1952
188,74,1952
193,86,1952
201,97,1952
201,90,1950
198,86,1953
201,104,1951
193,83,1926
193,83,1952
206,95,1954
196,88,1953
201,86,1951
201,97,1953
206,99,1953
196,95,1953
206,83,1954
211,106,1951
203,90,1950
211,113,1957
193,86,1951
208,92,1953
196,92,1953
206,97,1952
206,97,1952
190,83,1944
196,95,1953
198,90,1953
201,81,1951
193,92,1952
193,86,1954
183,79,1951
190,83,1953
196,92,1942
213,106,1953
190,92,1953
190,92,1953
208,102,1953
198,83,1953
190,86,1951
203,102,1953
188,83,1948
190,86,1953
203,106,1950
211,97,1952
208,97,1953
203,97,1953
188,83,1955
206,105,1954
201,104,1953
190,77,1949
203,95,1953
198,95,1952
198,90,1953
206,106,1952
190,89,1953
203,99,1953
188,88,1953
188,79,1953
203,92,1957
201,99,1954
185,77,1952
211,102,1955
203,95,1952
193,92,1953
190,81,1950
203,102,1951
206,102,1945
201,90,1955
188,90,1946
190,86,1954
188,83,1953
193,86,1950
183,74,1947
183,74,1947
203,97,1952
203,95,1955
183,77,1944
206,99,1944
196,94,1956
188,77,1955
198,89,1954
208,108,1949
208,99,1948
208,104,1954
190,81,1954
211,97,1946
206,99,1952
193,86,1952
201,86,1954
201,95,1950
193,83,1954
188,81,1953
193,86,1954
193,83,1950
203,90,1953
201,81,1952
218,108,1949
208,90,1951
201,99,1953
206,92,1954
206,95,1953
201,92,1953
193,86,1953
206,97,1949
188,77,1954
211,99,1952
206,106,1948
193,83,1954
206,95,1951
211,98,1950
198,99,1946
206,102,1954
190,83,1936
190,83,1952
196,92,1949
206,92,1952
198,88,1952
206,104,1954
185,81,1951
193,87,1952
208,104,1952
190,79,1953
206,97,1952
208,97,1955
201,97,1954
190,86,1953
185,81,1946
196,86,1952
211,108,1950
198,90,1951
203,102,1956
208,97,1949
208,99,1953
213,104,1953
198,90,1955
211,106,1948
203,90,1950
208,106,1949
185,86,1953
203,92,1953
193,88,1953
203,108,1955
185,81,1949
196,90,1949
190,86,1952
213,99,1949
198,86,1954
196,83,1953
188,83,1951
183,79,1946
203,90,1954
193,88,1950
193,88,1954
170,68,1953
185,79,1950
185,79,1950
193,86,1955
201,86,1954
183,72,1953
193,88,1952
211,99,1955
216,102,1952
198,88,1954
183,74,1943
183,74,1943
188,83,1951
196,95,1947
185,72,1954
190,79,1955
201,97,1955
208,106,1954
190,86,1955
188,79,1954
201,102,1953
198,86,1953
188,83,1955
188,83,1952
201,99,1955
198,88,1953
198,97,1955
173,74,1948
201,95,1954
190,81,1955
203,92,1931
201,104,1954
201,104,1954
213,102,1955
196,83,1936
201,97,1954
208,106,1954
188,79,1955
198,98,1955
183,77,1954
201,86,1952
198,95,1955
196,81,1955
203,92,1944
190,92,1954
201,98,1956
185,77,1955
201,92,1956
206,95,1955
188,81,1955
208,99,1955
203,97,1955
198,86,1954
190,90,1954
203,92,1955
203,95,1954
203,88,1955
188,77,1955
201,95,1953
206,106,1955
203,92,1955
196,83,1955
193,88,1956
216,106,1955
201,83,1955
198,97,1954
211,104,1955
185,77,1955
180,74,1955
190,81,1956
206,102,1955
190,85,1954
201,90,1955
180,74,1956
185,79,1954
198,83,1957
193,81,1955
198,86,1956
201,97,1956
196,86,1956
185,81,1956
196,77,1956
208,99,1956
211,113,1956
211,127,1955
201,99,1956
206,102,1955
198,88,1956
188,79,1956
196,92,1956
188,83,1956
208,102,1954
203,99,1956
198,88,1956
183,81,1955
198,88,1955
201,99,1956
208,108,1956
198,83,1956
201,92,1955
183,83,1956
196,88,1956
183,72,1955
201,97,1956
201,95,1955
198,92,1956
196,90,1956
190,92,1956
198,85,1955
198,85,1955
211,104,1956
198,95,1955
201,104,1955
198,90,1957
201,95,1957
201,104,1944
201,86,1957
208,102,1955
190,79,1955
201,97,1956
190,79,1955
208,99,1956
193,86,1956
196,90,1956
206,99,1957
206,99,1957
206,99,1956
203,102,1956
198,88,1957
216,111,1957
208,97,1956
198,81,1955
201,102,1951
193,88,1957
206,104,1956
196,86,1957
193,86,1957
206,102,1957
188,81,1956
203,91,1955
185,77,1955
193,81,1957
206,100,1957
188,81,1957
188,79,1956
190,83,1957
190,81,1956
203,97,1956
188,79,1957
203,95,1954
183,77,1949
201,98,1956
188,90,1956
206,102,1953
201,86,1957
206,102,1951
208,104,1956
198,102,1957
206,99,1956
185,77,1957
190,83,1957
208,104,1956
213,113,1957
190,81,1957
198,99,1957
211,99,1957
201,99,1957
206,102,1951
190,88,1956
206,99,1960
196,86,1957
206,95,1956
188,81,1956
201,95,1958
190,79,1955
203,95,1957
206,99,1958
196,83,1957
193,81,1958
201,99,1958
190,86,1919
208,97,1958
193,88,1969
196,81,1958
190,79,1957
193,83,1954
198,81,1951
190,83,1958
206,95,1957
201,92,1958
218,124,1957
185,77,1958
218,113,1954
190,88,1958
193,81,1958
201,86,1956
211,113,1959
193,86,1958
201,83,1957
201,88,1957
208,88,1957
203,99,1957
193,90,1942
211,92,1957
206,92,1957
208,102,1956
201,89,1956
198,98,1959
193,86,1958
193,79,1957
211,111,1957
213,103,1952
188,79,1959
190,79,1957
208,108,1958
185,77,1959
201,92,1957
201,95,1957
208,95,1957
198,97,1958
185,79,1958
185,77,1957
190,83,1958
185,79,1958
198,102,1955
201,93,1958
213,97,1957
203,79,1958
203,99,1954
198,86,1957
198,99,1958
185,77,1958
203,97,1957
196,86,1957
203,98,1958
185,79,1958
203,94,1958
201,95,1957
185,76,1956
203,97,1958
188,79,1958
201,97,1957
196,95,1956
190,80,1957
201,95,1957
203,99,1958
213,99,1955
201,104,1939
206,90,1957
198,86,1953
211,104,1955
196,88,1958
196,88,1958
198,105,1959
193,79,1959
213,95,1958
201,97,1959
198,86,1959
193,83,1958
198,86,1953
196,97,1959
208,99,1958
193,83,1958
196,79,1958
188,81,1958
206,113,1958
208,99,1959
208,104,1957
188,72,1949
203,99,1958
190,77,1958
188,77,1956
203,86,1959
185,77,1959
218,117,1958
183,77,1955
213,92,1955
198,92,1959
208,108,1956
185,83,1958
203,99,1944
198,86,1959
198,88,1959
193,87,1952
213,108,1958
198,92,1959
198,92,1959
201,92,1958
193,86,1956
206,97,1959
196,86,1959
196,88,1959
208,92,1959
208,98,1958
193,86,1959
201,86,1956
203,96,1958
208,108,1958
211,106,1959
206,102,1958
201,104,1959
185,81,1961
206,102,1958
198,99,1959
196,86,1959
185,83,1959
206,97,1959
201,99,1959
201,95,1958
203,97,1960
208,109,1958
201,86,1959
198,87,1958
201,106,1959
206,97,1959
206,99,1958
190,83,1960
190,83,1960
208,108,1960
183,83,1960
208,108,1956
193,81,1959
188,81,1955
206,99,1961
190,81,1961
224,124,1957
193,81,1959
196,88,1960
211,111,1959
203,102,1957
190,77,1960
208,99,1940
201,97,1961
208,106,1960
201,90,1960
188,86,1960
203,95,1956
211,111,1960
203,86,1959
201,102,1961
206,108,1960
190,77,1960
203,95,1961
206,102,1958
203,91,1959
211,106,1959
203,92,1960
201,107,1960
226,98,1959
206,104,1960
201,102,1961
193,92,1959
203,99,1958
196,83,1958
193,81,1960
196,88,1960
198,95,1960
208,95,1960
188,77,1959
196,92,1960
190,81,1920
196,88,1959
193,79,1960
196,81,1960
196,88,1960
201,88,1960
203,102,1960
208,111,1961
211,97,1960
201,86,1959
196,87,1959
196,88,1959
203,95,1959
201,90,1960
185,79,1957
190,85,1944
206,102,1961
216,108,1953
206,92,1961
211,97,1961
221,104,1960
213,111,1959
196,97,1961
193,95,1960
203,95,1961
208,97,1961
203,99,1960
201,95,1962
198,81,1961
201,92,1960
185,72,1960
203,92,1959
208,92,1960
190,86,1961
188,83,1933
198,86,1961
193,83,1961
206,95,1961
206,97,1957
206,102,1953
211,113,1961
208,104,1961
206,111,1960
183,88,1960
193,92,1961
201,86,1960
201,99,1961
206,97,1960
206,99,1960
208,104,1956
188,83,1960
203,104,1961
216,108,1960
203,97,1960
193,83,1961
208,98,1960
224,103,1960
190,88,1961
211,111,1960
188,77,1961
190,86,1961
190,86,1960
198,95,1961
188,79,1961
211,102,1961
193,81,1961
206,104,1960
208,104,1960
190,80,1962
193,83,1959
188,79,1961
193,79,1959
198,95,1959
211,117,1959
201,97,1958
206,106,1960
198,114,1963
198,95,1963
216,106,1961
206,108,1959
198,83,1960
188,83,1962
206,101,1962
201,97,1962
196,95,1959
206,102,1961
216,104,1959
190,74,1962
201,90,1960
203,92,1962
196,99,1962
196,83,1962
190,83,1962
190,90,1962
213,106,1963
193,83,1961
190,83,1962
188,86,1962
213,95,1961
211,106,1960
198,88,1963
201,97,1962
211,108,1962
206,99,1962
213,115,1963
206,106,1961
208,106,1962
206,97,1962
201,99,1962
190,83,1962
206,97,1960
211,108,1954
198,95,1960
196,83,1962
203,95,1962
193,90,1962
196,77,1961
185,77,1962
201,95,1961
198,95,1962
206,102,1962
206,104,1962
211,108,1960
190,88,1962
190,88,1962
208,99,1960
188,79,1953
188,79,1961
183,86,1961
190,83,1962
190,79,1962
201,99,1961
178,73,1963
188,79,1962
213,113,1964
216,114,1962
231,90,1962
213,106,1963
203,99,1963
201,102,1963
190,86,1962
203,104,1963
198,95,1962
213,106,1958
208,108,1961
190,86,1963
213,108,1962
203,106,1960
203,106,1960
203,97,1959
203,97,1959
203,92,1958
196,88,1963
211,104,1959
198,92,1960
198,92,1960
203,108,1962
211,111,1957
193,83,1963
211,115,1962
213,113,1963
208,97,1962
206,113,1963
201,92,1962
206,96,1962
198,83,1963
201,92,1963
203,95,1962
201,95,1961
190,81,1961
188,83,1958
198,90,1963
203,102,1963
193,81,1961
206,88,1963
190,88,1963
213,113,1962
203,90,1962
196,88,1959
206,97,1963
201,85,1962
213,113,1962
203,99,1962
208,99,1963
208,102,1962
206,108,1964
188,80,1962
216,115,1963
188,83,1963
168,60,1963
213,111,1963
198,83,1963
201,86,1965
203,90,1962
201,97,1964
203,98,1963
213,102,1963
203,97,1964
203,106,1961
201,83,1963
206,116,1963
206,106,1961
193,86,1964
213,111,1965
188,74,1963
190,88,1964
216,113,1962
213,124,1964
211,106,1962
203,102,1964
196,92,1963
198,83,1964
203,95,1965
193,88,1964
201,88,1963
190,86,1963
190,83,1964
201,86,1964
203,99,1944
198,88,1962
208,111,1964
206,106,1964
206,99,1964
208,104,1960
206,99,1962
198,90,1964
201,90,1963
196,88,1964
211,106,1962
198,81,1963
201,86,1963
188,77,1963
203,99,1964
196,81,1963
201,95,1963
183,77,1964
201,95,1961
208,102,1963
196,90,1962
211,104,1964
213,95,1962
196,79,1961
185,81,1964
198,95,1964
190,77,1965
196,95,1964
211,104,1964
201,88,1963
180,72,1964
203,95,1964
211,102,1965
188,86,1964
188,83,1951
196,83,1963
211,102,1962
196,95,1963
211,99,1962
188,83,1964
208,104,1964
206,104,1965
198,95,1966
193,77,1965
160,61,1965
203,95,1961
206,92,1964
201,105,1965
180,77,1965
188,81,1950
193,86,1964
208,102,1965
196,95,1965
188,77,1964
206,104,1964
208,97,1965
196,88,1964
211,106,1964
196,90,1965
178,74,1960
185,81,1965
201,97,1949
206,99,1965
203,108,1962
193,95,1964
198,90,1963
201,88,1965
211,104,1964
206,92,1966
201,83,1965
206,97,1964
213,117,1962
196,102,1964
206,99,1963
218,117,1965
203,97,1964
203,95,1965
211,99,1964
198,104,1964
203,96,1963
206,99,1965
190,77,1965
208,117,1958
180,72,1965
196,83,1963
193,97,1964
193,88,1964
213,111,1964
185,83,1959
203,90,1965
188,77,1965
201,86,1964
203,90,1964
196,90,1956
203,102,1964
211,104,1964
208,104,1964
203,99,1965
180,83,1966
201,86,1967
203,92,1964
198,86,1963
180,74,1965
206,111,1965
211,108,1966
208,104,1964
193,83,1967
201,88,1967
198,88,1963
198,88,1963
196,97,1966
196,99,1966
190,86,1965
203,111,1966
216,108,1964
201,94,1965
201,92,1964
190,88,1965
188,83,1966
213,106,1965
203,99,1965
198,97,1964
190,83,1965
203,88,1965
198,104,1967
196,90,1965
208,108,1964
190,86,1966
216,111,1966
178,79,1965
201,79,1966
206,95,1966
190,79,1965
201,88,1966
198,104,1966
211,111,1966
211,120,1966
180,74,1963
206,102,1966
203,102,1966
198,97,1965
208,104,1966
193,81,1965
201,92,1966
203,95,1966
190,86,1966
196,74,1964
208,102,1963
213,108,1965
206,90,1965
208,99,1964
188,77,1964
196,97,1965
208,117,1966
183,77,1965
196,81,1964
203,113,1961
211,104,1965
208,102,1966
211,106,1964
198,86,1966
185,79,1964
208,104,1965
224,113,1966
190,81,1965
188,79,1966
196,90,1940
211,97,1965
193,79,1965
201,106,1965
188,81,1963
193,83,1966
188,82,1945
206,102,1964
198,92,1968
201,102,1967
201,102,1967
180,73,1967
198,95,1964
201,95,1965
183,81,1967
201,97,1968
203,99,1965
198,95,1967
206,113,1964
198,97,1966
203,120,1966
198,86,1965
206,102,1967
185,77,1967
216,110,1968
183,81,1966
206,95,1966
193,90,1965
213,102,1955
203,92,1968
206,95,1967
203,90,1963
170,63,1966
190,81,1966
206,97,1967
183,79,1966
206,99,1967
203,104,1967
196,86,1966
193,86,1967
188,92,1966
203,95,1966
208,104,1969
180,69,1966
211,104,1967
206,102,1967
188,81,1966
193,90,1966
216,113,1967
190,77,1965
193,92,1967
198,86,1966
196,90,1964
196,88,1967
201,113,1966
198,110,1964
203,108,1967
198,92,1967
193,86,1964
208,102,1964
198,95,1963
193,88,1967
190,81,1967
201,95,1967
206,97,1966
203,88,1966
196,88,1964
203,106,1966
203,106,1966
201,97,1967
185,81,1966
206,99,1960
216,106,1965
211,115,1967
203,95,1966
188,81,1962
203,102,1966
188,90,1963
208,102,1965
190,86,1967
203,99,1966
188,88,1938
206,108,1965
208,98,1964
198,90,1967
203,108,1967
188,82,1945
188,81,1966
208,108,1968
188,83,1942
201,89,1967
213,108,1968
203,95,1968
193,86,1966
203,97,1968
185,72,1968
198,99,1968
208,97,1967
203,95,1968
198,81,1966
211,97,1968
213,108,1968
198,86,1969
198,96,1965
208,104,1967
185,81,1968
206,92,1967
201,97,1967
196,95,1963
196,95,1963
208,104,1966
211,108,1968
196,86,1968
196,88,1968
196,100,1967
208,113,1967
213,106,1960
190,86,1967
180,80,1968
206,92,1968
206,108,1968
196,86,1967
203,99,1965
213,107,1967
211,104,1967
193,86,1966
185,79,1967
190,86,1967
203,92,1968
203,108,1967
206,99,1967
188,86,1968
208,104,1967
206,102,1967
208,107,1969
208,113,1968
218,108,1967
193,95,1968
201,92,1965
216,97,1968
193,81,1968
190,81,1967
190,81,1968
188,88,1966
206,113,1967
216,117,1968
203,103,1968
201,95,1968
201,95,1968
213,120,1968
203,102,1966
198,95,1966
206,104,1968
218,117,1964
206,108,1968
188,79,1961
208,104,1968
201,95,1968
196,95,1966
190,83,1947
190,83,1947
206,120,1969
183,76,1970
183,79,1967
203,92,1968
208,115,1969
196,86,1968
203,99,1968
180,81,1970
198,90,1969
190,81,1969
203,99,1965
185,74,1969
208,104,1968
208,101,1968
208,124,1964
183,83,1968
196,97,1969
211,104,1969
206,106,1969
211,108,1967
208,95,1940
201,104,1969
208,99,1967
198,90,1967
196,95,1970
206,97,1966
213,104,1969
198,92,1967
183,81,1965
178,79,1968
218,117,1969
196,90,1964
218,120,1969
196,88,1968
196,83,1969
190,79,1968
190,83,1968
193,90,1965
185,86,1968
218,111,1966
196,92,1969
203,99,1969
201,102,1969
188,81,1969
183,68,1969
196,95,1969
203,106,1967
213,129,1970
188,86,1920
203,97,1958
201,90,1969
203,99,1968
203,99,1968
193,86,1968
188,77,1967
193,79,1969
190,79,1969
193,83,1968
203,111,1967
206,97,1966
206,99,1970
206,106,1969
193,88,1969
183,79,1969
198,113,1970
201,97,1966
196,90,1969
201,101,1970
198,90,1970
185,83,1969
203,106,1969
185,83,1969
208,124,1965
201,92,1967
196,83,1970
198,85,1970
190,77,1970
201,95,1967
203,108,1970
213,110,1969
185,83,1970
208,108,1969
208,115,1969
206,99,1970
196,113,1969
206,102,1970
198,99,1970
170,72,1968
201,95,1970
208,99,1968
206,104,1970
211,106,1969
201,99,1970
208,106,1970
203,113,1969
185,78,1970
206,127,1970
196,95,1971
203,103,1969
208,108,1970
201,102,1971
193,90,1967
216,147,1972
188,74,1969
190,86,1969
193,94,1969
185,74,1968
208,111,1966
208,113,1969
203,86,1970
208,104,1965
208,108,1970
198,95,1964
213,122,1969
196,86,1970
196,88,1963
196,94,1970
198,88,1967
198,108,1970
206,115,1970
211,113,1970
188,86,1970
206,90,1969
193,88,1923
178,83,1970
201,108,1969
211,105,1971
206,108,1969
229,106,1972
229,106,1972
203,117,1971
201,98,1971
188,77,1946
190,83,1969
201,94,1971
196,95,1968
206,97,1968
190,81,1955
188,86,1971
190,92,1970
208,108,1970
203,97,1971
201,99,1971
196,90,1970
185,86,1971
208,115,1969
201,92,1965
185,81,1967
193,78,1970
206,101,1967
208,102,1968
213,118,1969
201,88,1971
196,86,1970
211,102,1970
211,113,1970
201,86,1967
198,90,1971
188,77,1970
183,74,1971
190,83,1970
201,99,1970
188,92,1966
203,113,1970
180,77,1970
193,88,1968
206,106,1970
203,97,1969
208,87,1968
203,98,1970
206,112,1970
193,90,1969
213,113,1969
203,108,1972
196,79,1971
198,97,1970
208,106,1969
231,137,1971
203,95,1971
208,122,1970
208,117,1969
211,102,1967
196,97,1971
213,111,1970
198,95,1955
201,106,1971
201,102,1970
211,117,1971
211,113,1970
211,113,1970
193,86,1970
206,111,1973
216,113,1970
183,86,1970
183,76,1971
206,99,1971
218,122,1971
211,102,1972
183,77,1968
188,76,1965
183,77,1970
183,86,1968
201,97,1970
190,88,1967
206,99,1972
213,120,1972
198,86,1972
188,80,1972
211,106,1969
206,115,1972
201,92,1971
193,86,1969
203,102,1972
203,92,1967
206,108,1973
196,90,1971
208,102,1956
193,92,1973
211,111,1966
193,86,1972
206,98,1973
180,77,1971
216,108,1972
196,94,1972
206,102,1971
198,95,1971
211,106,1970
213,122,1971
201,88,1971
201,107,1973
206,111,1970
208,115,1971
198,88,1971
193,82,1972
201,97,1970
190,86,1967
190,90,1972
201,102,1973
211,99,1971
203,95,1973
211,111,1972
185,83,1970
206,112,1972
201,97,1970
206,95,1970
196,104,1971
213,111,1970
193,87,1970
203,99,1969
203,99,1969
193,86,1971
188,86,1970
201,86,1972
203,102,1971
203,116,1974
211,117,1973
185,83,1973
193,83,1973
208,122,1970
203,104,1971
198,83,1971
185,86,1971
198,106,1973
180,82,1972
185,83,1972
196,88,1973
203,104,1970
203,109,1973
203,115,1973
196,93,1974
188,85,1972
198,88,1972
213,120,1970
213,114,1971
216,117,1970
196,90,1970
208,104,1973
178,68,1973
190,89,1969
201,97,1973
201,95,1972
211,108,1976
185,82,1971
218,149,1975
203,102,1967
206,106,1972
193,92,1972
201,95,1970
185,83,1972
188,79,1941
193,92,1973
208,106,1969
196,95,1975
211,114,1970
206,98,1973
196,96,1971
193,81,1972
206,99,1974
208,116,1972
196,83,1972
213,113,1970
180,79,1972
203,100,1972
218,127,1973
196,95,1973
208,102,1973
213,124,1973
203,113,1973
190,83,1973
185,88,1972
201,99,1972
206,108,1968
221,126,1964
213,106,1944
190,86,1973
198,98,1974
178,77,1973
196,90,1973
206,115,1973
206,104,1972
203,113,1974
203,97,1971
211,99,1952
208,102,1974
203,105,1971
206,108,1972
203,99,1972
188,86,1970
213,113,1973
206,102,1976
203,99,1965
198,94,1973
193,83,1970
201,83,1971
208,120,1968
190,83,1974
198,96,1978
211,99,1974
208,120,1969
211,120,1975
206,108,1972
193,88,1968
185,85,1974
188,89,1967
196,97,1973
203,99,1973
206,115,1974
185,90,1974
193,81,1958
208,102,1966
188,84,1973
201,108,1972
201,106,1969
201,99,1973
213,111,1973
206,106,1974
183,80,1972
183,81,1970
206,99,1974
183,74,1975
196,81,1974
213,106,1974
224,147,1973
193,94,1975
211,129,1973
190,87,1971
188,81,1977
208,104,1974
211,106,1973
193,86,1974
206,106,1974
190,88,1974
190,94,1972
190,86,1969
185,79,1973
211,102,1978
206,101,1972
208,127,1975
196,90,1974
201,106,1971
201,113,1974
213,104,1970
201,102,1974
208,113,1971
198,81,1972
208,113,1972
201,90,1969
201,102,1970
201,95,1973
190,95,1973
211,104,1968
193,86,1955
206,108,1976
206,108,1974
203,102,1974
178,72,1969
206,93,1973
188,92,1945
198,101,1974
196,87,1974
213,112,1975
196,86,1973
211,104,1976
190,91,1976
206,99,1973
198,102,1974
193,86,1972
211,115,1974
221,96,1976
193,88,1973
201,90,1924
206,106,1975
206,106,1975
211,113,1974
193,88,1975
211,113,1976
206,110,1970
201,117,1976
208,113,1975
206,104,1970
178,70,1975
188,83,1974
190,95,1975
206,104,1974
203,88,1968
206,111,1974
185,77,1976
221,107,1975
185,83,1973
196,97,1932
203,99,1975
178,78,1975
188,95,1973
211,108,1974
208,105,1969
203,95,1979
201,95,1976
198,106,1977
201,102,1973
196,94,1975
193,88,1972
198,97,1975
211,120,1975
208,106,1972
198,102,1973
196,95,1975
183,76,1976
203,108,1973
208,104,1975
213,119,1971
206,99,1974
206,117,1976
198,92,1948
208,104,1977
208,104,1977
185,86,1975
193,86,1974
196,104,1974
183,74,1973
198,90,1948
198,97,1975
198,97,1969
208,117,1973
198,96,1975
185,79,1969
198,90,1978
185,86,1978
165,61,1976
198,86,1935
190,95,1975
198,99,1977
211,99,1975
206,106,1971
198,88,1979
196,86,1975
211,118,1977
188,83,1974
188,84,1975
206,107,1976
213,111,1974
201,104,1976
206,104,1980
206,104,1980
196,83,1979
188,86,1962
193,97,1975
213,136,1975
203,101,1976
190,83,1976
211,111,1974
183,79,1928
211,108,1976
198,90,1963
196,90,1974
183,79,1977
208,113,1975
201,90,1975
208,111,1977
203,100,1975
211,110,1976
193,86,1975
208,100,1977
211,102,1975
203,111,1973
198,102,1976
213,112,1976
213,111,1978
213,122,1975
206,107,1975
196,101,1975
201,106,1977
211,117,1975
190,86,1974
190,91,1975
193,106,1974
206,115,1976
211,97,1975
213,107,1976
206,99,1977
218,99,1980
203,128,1977
196,95,1976
178,74,1975
206,131,1976
206,108,1968
185,91,1975
213,124,1974
201,96,1978
188,77,1976
180,72,1974
188,89,1979
211,91,1981
211,104,1976
203,99,1972
208,111,1977
201,97,1975
196,88,1973
196,88,1973
203,124,1979
193,95,1976
196,85,1977
185,86,1975
193,80,1977
190,83,1976
190,94,1979
193,83,1975
206,122,1975
211,115,1975
211,107,1977
190,88,1977
203,99,1977
196,103,1978
196,98,1974
198,83,1978
188,89,1975
203,100,1976
196,97,1962
193,92,1976
201,96,1976
203,117,1976
193,83,1954
203,98,1979
206,125,1977
190,89,1976
201,97,1977
213,127,1976
198,98,1979
201,99,1978
206,102,1971
188,79,1975
208,99,1979
206,108,1976
190,88,1978
203,97,1977
196,92,1977
221,113,1976
196,86,1976
203,95,1976
206,111,1977
198,95,1949
188,83,1977
198,97,1973
201,118,1977
206,107,1976
188,86,1976
190,81,1974
190,81,1974
213,99,1976
185,83,1973
216,115,1980
185,80,1978
196,92,1976
213,104,1975
203,111,1977
188,92,1977
193,88,1973
183,79,1975
196,90,1980
190,88,1980
178,90,1979
206,118,1978
206,111,1973
183,86,1978
208,99,1976
208,99,1976
211,113,1975
190,83,1978
203,99,1980
185,81,1978
185,81,1965
190,83,1970
193,83,1954
218,142,1973
211,99,1977
206,113,1972
206,108,1976
211,117,1978
206,106,1977
201,101,1977
213,122,1977
193,95,1978
208,113,1979
213,120,1979
206,95,1981
203,98,1980
208,106,1978
211,112,1976
203,111,1973
206,107,1975
203,108,1976
201,99,1975
208,108,1981
206,100,1977
190,83,1974
201,98,1977
201,98,1978
196,97,1978
216,115,1979
198,99,1979
198,101,1980
201,97,1976
198,95,1955
213,104,1978
193,88,1977
216,116,1976
211,113,1977
208,102,1965
196,95,1981
206,102,1979
208,117,1973
218,129,1979
208,99,1979
196,90,1973
211,111,1977
208,122,1973
213,115,1977
208,115,1978
208,111,1978
190,86,1982
196,85,1980
188,91,1979
211,131,1975
203,99,1978
190,90,1979
213,116,1978
208,111,1979
193,83,1980
218,114,1979
188,79,1923
213,110,1979
201,100,1981
211,122,1982
188,85,1979
216,108,1982
180,75,1978
193,88,1973
193,88,1973
183,83,1979
213,133,1982
211,115,1981
213,136,1982
211,122,1975
196,99,1978
193,95,1975
185,86,1971
193,87,1981
208,99,1981
203,99,1976
213,113,1980
208,99,1982
203,99,1978
196,90,1979
206,109,1979
213,121,1979
213,99,1981
188,85,1975
201,105,1980
201,90,1947
211,120,1978
206,99,1981
206,100,1979
211,111,1980
180,81,1978
188,83,1982
208,102,1980
206,117,1981
213,116,1972
198,99,1981
196,86,1979
198,90,1979
188,84,1981
206,109,1978
206,102,1976
201,95,1980
208,106,1980
185,83,1978
206,116,1978
190,88,1978
198,95,1976
193,90,1979
216,117,1979
201,97,1982
185,88,1979
203,95,1959
216,111,1978
211,113,1980
206,97,1975
203,102,1977
203,117,1979
206,117,1981
206,117,1981
185,72,1968
211,113,1973
201,103,1980
201,97,1979
183,86,1978
190,74,1978
208,117,1978
203,111,1980
211,108,1978
198,92,1977
198,95,1977
208,113,1981
208,104,1980
196,90,1980
193,81,1980
201,99,1973
211,113,1982
216,111,1975
203,106,1979
198,97,1981
201,89,1978
203,102,1980
211,104,1981
193,95,1979
201,102,1979
193,86,1981
196,90,1980
229,140,1980
193,86,1979
206,100,1980
211,112,1979
201,111,1979
185,79,1979
193,86,1981
206,96,1980
190,83,1978
211,113,1976
201,95,1971
211,120,1977
198,97,1980
201,95,1979
211,106,1983
198,102,1976
208,104,1977
203,97,1980
208,111,1982
218,108,1979
213,102,1983
183,77,1922
201,94,1980
208,100,1982
178,83,1979
193,86,1956
206,108,1968
203,100,1981
201,95,1981
203,108,1984
188,90,1981
190,87,1982
203,95,1952
208,107,1980
185,81,1980
190,78,1980
196,97,1980
213,108,1980
211,106,1984
203,111,1976
211,106,1981
198,96,1980
196,95,1976
206,106,1980
185,86,1982
198,90,1981
188,77,1955
203,113,1982
203,97,1978
201,94,1981
206,90,1984
213,106,1976
201,92,1977
201,92,1977
196,95,1977
206,108,1981
198,92,1981
190,99,1980
193,90,1981
208,108,1973
198,92,1978
203,106,1980
201,99,1981
193,86,1981
201,95,1980
201,117,1980
203,113,1984
208,95,1979
203,92,1980
190,83,1976
190,81,1949
213,120,1982
203,96,1981
201,96,1981
211,124,1985
185,77,1980
188,85,1979
213,113,1985
206,95,1984
211,122,1984
211,122,1984
201,111,1981
196,99,1980
208,122,1984
198,97,1982
201,88,1982
188,79,1981
203,102,1980
206,112,1978
203,124,1982
198,97,1977
226,124,1983
193,99,1982
203,106,1980
206,113,1980
203,102,1971
193,96,1982
211,127,1980
203,97,1985
185,79,1979
178,78,1982
211,108,1986
193,86,1979
208,106,1980
185,90,1980
208,113,1985
190,81,1976
183,81,1980
203,95,1983
208,115,1980
203,97,1982
198,104,1982
206,99,1985
185,83,1982
206,124,1979
213,124,1981
196,104,1982
188,90,1981
208,108,1981
190,90,1983
190,87,1983
213,127,1982
211,120,1985
206,106,1985
198,97,1984
198,97,1984
190,90,1981
208,131,1985
185,81,1974
216,117,1980
206,95,1982
178,78,1975
213,108,1983
198,90,1974
201,87,1985
206,106,1977
183,86,1982
201,102,1979
208,114,1982
226,117,1985
226,117,1985
203,108,1982
211,115,1982
198,95,1980
198,88,1981
221,138,1985
188,86,1920
188,86,1920
213,106,1944
198,102,1983
208,113,1981
198,100,1977
213,111,1985
175,74,1980
183,74,1985
193,94,1975
198,97,1973
190,92,1982
208,123,1982
208,99,1981
201,88,1984
193,81,1983
208,99,1960
206,92,1985
196,83,1983
198,99,1982
218,108,1986
213,113,1981
196,97,1983
203,113,1985
208,122,1983
211,106,1986
213,117,1984
190,92,1979
213,129,1987
183,83,1983
190,90,1981
185,79,1982
203,113,1983
190,83,1985
190,83,1983
206,102,1981
185,92,1984
190,85,1982
201,95,1972
211,115,1983
206,113,1982
201,88,1981
201,113,1982
201,102,1982
198,97,1982
206,100,1983
201,95,1982
201,92,1986
193,94,1982
190,81,1979
198,108,1983
190,83,1982
201,95,1983
206,102,1979
190,90,1983
193,88,1976
206,108,1987
208,95,1952
203,111,1985
206,92,1987
201,102,1942
193,97,1980
206,86,1982
201,117,1983
206,120,1984
193,93,1984
185,79,1983
185,79,1983
203,99,1983
213,89,1977
208,111,1975
193,90,1980
183,79,1985
213,112,1986
206,102,1983
188,86,1983
208,108,1983
196,83,1955
206,108,1982
175,81,1984
196,95,1981
193,83,1978
216,115,1982
206,115,1983
203,97,1981
185,81,1982
208,117,1985
198,81,1982
201,88,1983
208,112,1983
211,105,1984
196,95,1985
198,92,1982
206,99,1982
216,102,1952
208,117,1982
190,90,1984
206,90,1969
185,89,1982
201,95,1984
211,102,1962
190,88,1981
193,99,1984
196,91,1984
211,117,1985
206,99,1982
211,106,1984
208,106,1984
196,99,1983
203,94,1984
203,94,1984
213,111,1985
183,92,1983
208,107,1984
198,93,1983
193,81,1955
206,111,1981
193,92,1985
201,92,1984
198,99,1984
188,88,1982
211,122,1984
201,102,1982
190,79,1984
188,81,1986
196,99,1981
193,96,1983
206,111,1977
203,104,1986
201,97,1983
188,86,1986
216,127,1981
188,79,1979
203,104,1984
206,102,1979
188,83,1984
213,108,1984
216,104,1984
208,106,1987
206,108,1983
208,104,1984
198,83,1984
208,129,1983
183,92,1986
201,90,1982
208,102,1985
196,87,1984
203,108,1982
206,108,1983
203,111,1985
208,120,1986
203,92,1984
198,104,1984
208,102,1983
213,117,1986
208,111,1983
203,108,1984
198,106,1983
188,83,1983
188,86,1984
188,86,1984
198,83,1984
190,79,1986
185,84,1986
198,97,1984
201,99,1984
201,99,1984
206,106,1986
208,107,1983
201,113,1983
201,90,1969
193,88,1982
206,97,1986
206,97,1986
206,97,1986
206,131,1976
208,102,1984
185,89,1982
185,91,1975
185,91,1975
196,95,1985
188,86,1984
211,113,1981
198,102,1985
206,111,1982
196,95,1986
206,84,1986
183,73,1985
203,102,1987
185,79,1987
190,83,1958
196,90,1987
208,104,1984
206,131,1986
188,87,1985
201,102,1985
206,108,1988
211,106,1985
216,130,1986
196,102,1985
211,108,1984
213,122,1984
196,88,1941
183,80,1986
198,108,1983
216,111,1988
208,111,1986
213,108,1987
196,97,1983
206,112,1983
193,97,1983
203,97,1982
190,88,1985
211,113,1986
206,99,1985
208,108,1987
203,92,1980
203,92,1980
203,97,1984
211,104,1985
213,105,1985
218,108,1985
201,97,1981
193,77,1986
206,122,1984
216,111,1984
206,108,1980
190,86,1986
208,111,1983
211,113,1977
211,113,1977
196,95,1986
203,99,1983
203,86,1943
188,88,1985
211,117,1984
211,117,1984
208,104,1960
208,106,1986
211,102,1962
203,102,1987
201,95,1985
203,100,1988
218,112,1988
203,104,1986
208,108,1988
206,106,1988
206,106,1988
203,90,1988
190,90,1988
206,106,1989
193,92,1923
188,86,1986
196,95,1986
203,121,1983
201,90,1987
190,86,1986
198,83,1985
208,102,1988
216,115,1985
216,115,1985
193,97,1988
211,102,1988
218,115,1985
198,99,1987
218,122,1986
218,122,1986
190,85,1986
213,112,1985
203,102,1986
206,114,1985
208,127,1986
196,88,1983
196,98,1984
211,120,1988
213,120,1989
206,105,1985
196,90,1985
213,124,1988
213,115,1988
208,113,1988
201,99,1984
201,99,1984
201,99,1984
213,122,1988
196,95,1985
193,90,1985
213,113,1988
208,92,1989
190,86,1988
198,99,1985
206,111,1986
183,83,1985
208,115,1987
188,74,1986
185,83,1946
203,108,1985
196,83,1984
196,83,1984
198,91,1986
198,92,1986
190,90,1988
190,90,1988
206,108,1968
206,92,1985
208,104,1943
188,83,1945
188,83,1945
183,77,1988
201,122,1989
201,115,1987
185,72,1968
201,94,1988
203,97,1986
206,102,1988
208,102,1988
183,79,1987
203,104,1987
190,86,1986
190,86,1988
211,99,1988
201,100,1989
188,88,1986
193,90,1987
198,99,1989
183,83,1989
185,83,1986
198,102,1987
206,102,1985
206,83,1985
206,100,1957
201,107,1986
206,113,1985
196,99,1989
208,106,1987
193,92,1990
190,86,1984
211,108,1984
208,106,1989
190,86,1986
196,90,1985
185,77,1989
208,104,1987
206,113,1987
188,86,1984
201,104,1985
180,88,1987
185,77,1959
190,79,1987
193,95,1987
203,111,1985
213,124,1989
213,124,1989
203,104,1988
193,79,1960
188,84,1988
198,88,1986
221,119,1987
193,92,1987
198,99,1987
198,99,1985
201,111,1986
216,113,1988
211,113,1988
206,99,1990
198,96,1989
213,115,1986
206,102,1989
185,86,1989
203,103,1987
208,104,1987
188,81,1990
206,124,1988
180,92,1987
211,111,1986
211,122,1990
196,95,1986
208,108,1989
190,86,1984
206,97,1989
213,108,1986
206,90,1987
213,108,1962
196,95,1989
208,120,1991
201,95,1988
201,99,1985
206,99,1990
208,113,1989
203,111,1988
196,83,1989
203,102,1990
198,102,1986
198,99,1991
201,102,1987
180,79,1983
196,107,1920
183,77,1949
201,97,1987
203,99,1975
206,106,1988
190,90,1988
211,120,1990
216,124,1986
213,106,1987
193,95,1984
201,95,1983
206,104,1989
211,139,1986
211,139,1988
201,99,1988
193,86,1986
206,117,1989
211,106,1988
206,129,1989
190,86,1984
211,138,1986
183,79,1988
211,111,1985
196,104,1990
201,102,1988
201,99,1988
208,108,1987
190,92,1988
198,98,1987
193,88,1990
193,92,1989
213,120,1989
206,117,1989
208,113,1985
208,106,1954
206,115,1992
196,90,1989
198,97,1991
201,99,1989
201,99,1984
188,79,1988
206,113,1984
180,83,1985
190,81,1987
203,103,1989
213,120,1987
180,83,1988
188,88,1989
211,99,1986
190,90,1988
178,72,1948
208,102,1989
208,124,1989
196,86,1987
190,86,1967
196,81,1989
201,95,1987
203,85,1990
206,104,1988
190,87,1992
190,94,1990
190,99,1989
178,81,1983
203,104,1984
206,113,1987
213,114,1986
190,87,1991
211,111,1992
211,111,1992
178,78,1975
196,90,1990
201,104,1991
193,92,1990
208,103,1989
198,94,1988
190,92,1990
208,102,1986
208,102,1986
193,86,1991
188,88,1925
188,88,1925
208,115,1990
188,99,1986
208,104,1988
203,105,1986
193,87,1990
188,83,1991
196,99,1990
196,92,1988
203,104,1989
190,92,1988
188,86,1987
188,83,1988
211,117,1985
198,90,1988
185,81,1961
203,106,1988
206,102,1988
206,107,1991
201,97,1990
208,102,1955
206,107,1991
208,117,1991
198,92,1986
211,108,1990
213,117,1990
203,95,1964
190,90,1984
196,86,1989
188,83,1951
203,102,1988
201,108,1990
180,83,1986
190,92,1945
198,79,1991
208,117,1986
196,91,1989
196,93,1993
185,83,1988
206,101,1988
206,108,1984
198,106,1990
193,88,1991
206,97,1968
206,97,1968
211,126,1993
198,90,1988
211,115,1989
201,92,1992
208,113,1987
190,83,1947
201,104,1990
190,92,1987
206,97,1993
211,103,1990
198,83,1989
208,108,1985
193,97,1991
196,99,1989
201,95,1970
203,100,1990
203,113,1989
211,106,1991
206,114,1992
201,95,1988
201,105,1993
213,117,1987
193,95,1991
196,83,1992
216,111,1992
190,88,1990
185,92,1990
193,90,1991
213,115,1990
203,106,1991
203,106,1990
206,95,1992
213,100,1990
211,112,1990
196,83,1990
206,113,1989
208,113,1990
211,115,1988
211,112,1988
190,83,1977
193,90,1992
185,78,1985
208,107,1991
201,93,1991
213,122,1989
203,107,1988
206,98,1991
198,86,1988
208,112,1990
203,103,1988
206,117,1992
193,79,1960
190,83,1990
188,85,1993
206,109,1985
213,120,1992
206,104,1988
193,102,1991
188,90,1991
198,92,1993
211,111,1987
213,114,1990
213,115,1993
211,100,1994
211,117,1982
196,102,1990
203,111,1993
193,90,1992
196,85,1990
201,92,1991
185,86,1992
190,86,1989
198,96,1989
196,92,1993
183,91,1991
198,86,1991
196,92,1986
190,79,1991
206,97,1990
198,95,1992
188,83,1990
193,92,1991
203,97,1987
208,108,1991
213,111,1989
193,89,1990
211,109,1990
201,99,1987
211,117,1988
198,91,1990
196,86,1991
216,111,1992
196,90,1994
190,86,1988
213,117,1990
203,108,1989
201,102,1991
201,92,1989
203,97,1989
201,94,1993
211,104,1991
216,113,1990
180,79,1992
201,88,1992
216,117,1993
190,86,1991
190,86,1991
196,88,1993
190,86,1988
201,92,1966
198,101,1992
208,104,1990
196,88,1989
211,108,1991
190,87,1991
201,92,1990
193,95,1992
213,107,1991
206,115,1987
211,111,1990
203,89,1993
180,79,1991
213,113,1988
196,83,1955
185,78,1993
183,83,1990
201,90,1991
203,97,1990
203,97,1990
201,90,1993
203,93,1991
178,79,1990
203,95,1959
213,104,1990
193,86,1991
213,108,1992
196,94,1994
208,108,1991
206,104,1993
206,113,1990
203,111,1991
226,163,1992
206,113,1991
198,92,1992
193,97,1992
190,83,1974
206,98,1995
206,98,1995
183,83,1991
196,94,1988
196,87,1992
206,117,1991
185,74,1992
196,97,1991
198,90,1993
196,90,1989
203,95,1991
201,95,1990
190,87,1994
198,86,1995
185,77,1990
188,90,1991
206,99,1995
206,111,1990
203,95,1994
193,83,1991
206,102,1990
206,102,1990
193,95,1994
198,99,1991
203,93,1992
203,102,1987
206,98,1990
208,106,1993
190,91,1992
193,84,1992
193,95,1990
213,111,1991
211,99,1991
196,85,1995
185,88,1989
198,90,1992
198,90,1992
198,90,1992
203,102,1992
208,115,1992
190,90,1987
198,102,1987
208,99,1991
208,107,1991
185,79,1991
211,103,1994
213,109,1992
213,127,1994
206,116,1993
203,102,1990
203,113,1995
208,107,1991
193,83,1994
211,108,1991
206,113,1994
208,103,1986
211,106,1983
193,99,1994
183,74,1991
198,92,1993
180,74,1991
206,119,1994
208,108,1995
208,108,1995
208,104,1990
208,104,1990
211,113,1991
203,90,1995
203,90,1995
198,97,1995
203,111,1995
198,103,1993
201,92,1992
185,83,1992
208,108,1988
198,93,1996
206,111,1981
213,108,1993
206,113,1991
201,105,1992
196,93,1993
198,102,1993
198,94,1992
206,104,1994
206,99,1991
201,98,1991
208,124,1992
203,95,1994
203,108,1994
198,95,1994
203,97,1995
198,92,1993
201,99,1995
208,111,1993
190,90,1983
201,104,1991
201,104,1991
203,111,1995
203,99,1944
208,113,1995
188,88,1996
213,109,1993
211,117,1985
206,99,1996
208,106,1995
221,131,1988
208,108,1994
208,108,1994
211,90,1995
198,83,1991
216,111,1986
203,106,1994
201,83,1993
196,90,1996
196,90,1996
185,81,1992
185,81,1992
211,124,1995
201,92,1995
196,102,1991
190,83,1994
221,116,1989
211,104,1995
221,108,1995
193,97,1993
206,106,1942
198,90,1993
188,86,1994
188,86,1994
185,83,1924
208,122,1987
221,117,1992
201,89,1992
213,110,1995
211,110,1996
198,91,1996
188,74,1992
198,90,1948
201,102,1996
211,99,1995
196,83,1992
188,81,1992
198,86,1993
193,99,1993
193,91,1996
196,88,1996
198,95,1994
216,102,1997
206,106,1995
208,95,1992
206,106,1994
196,97,1992
193,97,1992
201,88,1993
208,105,1997
190,86,1992
188,83,1993
211,107,1996
190,86,1989
206,99,1996
193,95,1994
211,111,1997
213,113,1994
175,79,1995
183,81,1993
203,99,1993
190,86,1993
198,95,1993
201,90,1992
196,97,1994
188,83,1987
198,99,1993
198,99,1993
198,96,1994
206,104,1995
211,108,1994
193,97,1993
201,93,1993
206,86,1997
185,91,1994
178,81,1991
208,95,1979
190,83,1976
203,100,1990
206,97,1989
211,102,1996
193,81,1990
206,95,1994
201,92,1994
206,115,1993
198,92,1995
216,97,1997
201,83,1995
196,90,1992
193,92,1991
196,77,1996
193,93,1997
206,90,1992
203,104,1993
193,94,1993
211,111,1993
208,111,1996
216,108,1997
193,81,1968
211,111,1990
213,112,1995
201,107,1993
198,88,1994
188,83,1993
198,92,1996
211,108,1996
208,101,1994
201,95,1991
196,104,1994
206,104,1994
211,115,1997
211,115,1997
190,77,1994
213,117,1994
178,68,1996
206,100,1993
198,96,1993
183,88,1994
183,88,1994
203,92,1992
193,96,1995
198,97,1969
208,108,1992
213,108,1996
203,97,1994
216,120,1997
